"filename", "language", "Markdown", "JavaScript", "HTML", "Ini", "PostCSS", "XML", "JSON", "comment", "blank", "total"
"d:\A04-115-AI-Read\A03-AI-Prompt-2026\A01-Index-AI-Prompt-1150309\A01-Index-AI-Prompt-1150309.html", "HTML", 0, 0, 514, 0, 0, 0, 0, 52, 144, 710
"d:\A04-115-AI-Read\A03-AI-Prompt-2026\A01-Index-AI-Prompt-1150309\css\C01-1-pic.css", "PostCSS", 0, 0, 0, 0, 178, 0, 0, 11, 22, 211
"d:\A04-115-AI-Read\A03-AI-Prompt-2026\A01-Index-AI-Prompt-1150309\css\E01-1-board.css", "PostCSS", 0, 0, 0, 0, 251, 0, 0, 25, 57, 333
"d:\A04-115-AI-Read\A03-AI-Prompt-2026\A01-Index-AI-Prompt-1150309\css\E01-1-board.js", "JavaScript", 0, 5, 0, 0, 0, 0, 0, 1, 1, 7
"d:\A04-115-AI-Read\A03-AI-Prompt-2026\A01-Index-AI-Prompt-1150309\css\F02-2-note.css", "PostCSS", 0, 0, 0, 0, 106, 0, 0, 0, 1, 107
"d:\A04-115-AI-Read\A03-AI-Prompt-2026\A01-Index-AI-Prompt-1150309\css\P01-1-pic.css", "PostCSS", 0, 0, 0, 0, 87, 0, 0, 6, 14, 107
"d:\A04-115-AI-Read\A03-AI-Prompt-2026\A01-Index-AI-Prompt-1150309\css\all.css", "PostCSS", 0, 0, 0, 0, 3112, 0, 0, 6, 1502, 4620
"d:\A04-115-AI-Read\A03-AI-Prompt-2026\A01-Index-AI-Prompt-1150309\css\demo.css", "PostCSS", 0, 0, 0, 0, 435, 0, 0, 19, 86, 540
"d:\A04-115-AI-Read\A03-AI-Prompt-2026\A01-Index-AI-Prompt-1150309\css\demo_index.html", "HTML", 0, 0, 508, 0, 0, 0, 0, 2, 66, 576
"d:\A04-115-AI-Read\A03-AI-Prompt-2026\A01-Index-AI-Prompt-1150309\css\iconfont.css", "PostCSS", 0, 0, 0, 0, 62, 0, 0, 0, 20, 82
"d:\A04-115-AI-Read\A03-AI-Prompt-2026\A01-Index-AI-Prompt-1150309\css\iconfont.js", "JavaScript", 0, 1, 0, 0, 0, 0, 0, 0, 0, 1
"d:\A04-115-AI-Read\A03-AI-Prompt-2026\A01-Index-AI-Prompt-1150309\css\iconfont.json", "JSON", 0, 0, 0, 0, 0, 0, 128, 0, 1, 129
"d:\A04-115-AI-Read\A03-AI-Prompt-2026\B01-ex-comm\BX02-nav-2025.html", "HTML", 0, 0, 88, 0, 0, 0, 0, 16, 9, 113
"d:\A04-115-AI-Read\A03-AI-Prompt-2026\C01-Convert-image-card-to-web-page-1150613\C001-ChatGPT-vs-Gemini-vs-Claude-1150613\C001-ChatGPT-vs-Gemini-vs-Claude-1150613-v2.html", "HTML", 0, 0, 495, 0, 0, 0, 0, 21, 42, 558
"d:\A04-115-AI-Read\A03-AI-Prompt-2026\C01-Convert-image-card-to-web-page-1150613\C002-Make-Claude-10X-Smarter-1150614\C002-Make-Claude-10X-Smarter-1150614.html", "HTML", 0, 0, 424, 0, 0, 0, 0, 40, 47, 511
"d:\A04-115-AI-Read\A03-AI-Prompt-2026\C01-Convert-image-card-to-web-page-1150613\C003-The-Complete-Claude-Command-1150617\C003-The-Complete-Claude-Command-1150617.html", "HTML", 0, 0, 821, 0, 0, 0, 0, 30, 45, 896
"d:\A04-115-AI-Read\A03-AI-Prompt-2026\G001-AI-drawing-character-1150316\G001-AI-drawing-character-1150316.html", "HTML", 0, 0, 764, 0, 0, 0, 0, 203, 86, 1053
"d:\A04-115-AI-Read\A03-AI-Prompt-2026\G001-AI-drawing-character-1150316\P001-Pic-NanoBananapro.html", "HTML", 0, 0, 180, 0, 0, 0, 0, 0, 30, 210
"d:\A04-115-AI-Read\A03-AI-Prompt-2026\G001-AI-drawing-character-1150316\js\A-data-img.js", "JavaScript", 0, 599, 0, 0, 0, 0, 0, 0, 1, 600
"d:\A04-115-AI-Read\A03-AI-Prompt-2026\G001-AI-drawing-character-1150316\js\aa.js", "JavaScript", 0, 0, 0, 0, 0, 0, 0, 0, 2, 2
"d:\A04-115-AI-Read\A03-AI-Prompt-2026\P01-AI-personalization-work-2026\P001-7-AI-Workspaces-A-Comparison-1150311\P001-7-AI-Workspaces-A-Comparison-1150311.html", "HTML", 0, 0, 764, 0, 0, 0, 0, 203, 86, 1053
"d:\A04-115-AI-Read\A03-AI-Prompt-2026\P01-AI-personalization-work-2026\P001-7-AI-Workspaces-A-Comparison-1150311\P001-Pic-NanoBananapro.html", "HTML", 0, 0, 180, 0, 0, 0, 0, 0, 30, 210
"d:\A04-115-AI-Read\A03-AI-Prompt-2026\P01-AI-personalization-work-2026\P001-7-AI-Workspaces-A-Comparison-1150311\js\A-data-img.js", "JavaScript", 0, 449, 0, 0, 0, 0, 0, 0, 1, 450
"d:\A04-115-AI-Read\A03-AI-Prompt-2026\P01-AI-personalization-work-2026\P001-7-AI-Workspaces-A-Comparison-1150311\js\aa.js", "JavaScript", 0, 0, 0, 0, 0, 0, 0, 0, 2, 2
"d:\A04-115-AI-Read\A03-AI-Prompt-2026\P01-AI-personalization-work-2026\P002-Perplexity-Spaces-1150413\P002-Perplexity-Spaces-1150413.html", "HTML", 0, 0, 761, 0, 0, 0, 0, 206, 86, 1053
"d:\A04-115-AI-Read\A03-AI-Prompt-2026\P01-AI-personalization-work-2026\P002-Perplexity-Spaces-1150413\js\A-data-img.js", "JavaScript", 0, 2058, 0, 0, 0, 0, 0, 0, 1, 2059
"d:\A04-115-AI-Read\A03-AI-Prompt-2026\P01-AI-personalization-work-2026\P002-Perplexity-Spaces-1150413\js\aa.js", "JavaScript", 0, 0, 0, 0, 0, 0, 0, 0, 2, 2
"d:\A04-115-AI-Read\A03-AI-Prompt-2026\P01-AI-personalization-work-2026\P003-Gemini-Gems-1150430\P003-Gemini-Gems-1150430.html", "HTML", 0, 0, 761, 0, 0, 0, 0, 207, 85, 1053
"d:\A04-115-AI-Read\A03-AI-Prompt-2026\P01-AI-personalization-work-2026\P003-Gemini-Gems-1150430\js\A-data-img.js", "JavaScript", 0, 433, 0, 0, 0, 0, 0, 0, 4, 437
"d:\A04-115-AI-Read\A03-AI-Prompt-2026\P01-AI-personalization-work-2026\P003-Gemini-Gems-1150430\js\aa.js", "JavaScript", 0, 0, 0, 0, 0, 0, 0, 0, 2, 2
"d:\A04-115-AI-Read\A03-AI-Prompt-2026\P01-AI-personalization-work-2026\P004-NotebookLM-Prompt-1150321\P004-NotebookLM-Prompt-1150321.html", "HTML", 0, 0, 761, 0, 0, 0, 0, 206, 86, 1053
"d:\A04-115-AI-Read\A03-AI-Prompt-2026\P01-AI-personalization-work-2026\P004-NotebookLM-Prompt-1150321\js\A-data-img.js", "JavaScript", 0, 268, 0, 0, 0, 0, 0, 0, 3, 271
"d:\A04-115-AI-Read\A03-AI-Prompt-2026\P01-AI-personalization-work-2026\P004-NotebookLM-Prompt-1150321\js\aa.js", "JavaScript", 0, 0, 0, 0, 0, 0, 0, 0, 2, 2
"d:\A04-115-AI-Read\A03-AI-Prompt-2026\P01-AI-personalization-work-2026\P005-ClaudeAI-function-description-1150414\P005-ClaudeAI-function-description-1150414.html", "HTML", 0, 0, 764, 0, 0, 0, 0, 203, 86, 1053
"d:\A04-115-AI-Read\A03-AI-Prompt-2026\P01-AI-personalization-work-2026\P005-ClaudeAI-function-description-1150414\js\A-data-img.js", "JavaScript", 0, 381, 0, 0, 0, 0, 0, 0, 2, 383
"d:\A04-115-AI-Read\A03-AI-Prompt-2026\P01-AI-personalization-work-2026\P005-ClaudeAI-function-description-1150414\js\aa.js", "JavaScript", 0, 0, 0, 0, 0, 0, 0, 0, 2, 2
"d:\A04-115-AI-Read\A03-AI-Prompt-2026\P01-AI-personalization-work-2026\P006-Qwen3-Conversation-group-1150517\P006-Qwen3-Conversation-group-1150517.html", "HTML", 0, 0, 762, 0, 0, 0, 0, 184, 88, 1034
"d:\A04-115-AI-Read\A03-AI-Prompt-2026\P01-AI-personalization-work-2026\P006-Qwen3-Conversation-group-1150517\js\A-data-img.js", "JavaScript", 0, 307, 0, 0, 0, 0, 0, 0, 0, 307
"d:\A04-115-AI-Read\A03-AI-Prompt-2026\P01-AI-personalization-work-2026\P006-Qwen3-Conversation-group-1150517\js\aa.js", "JavaScript", 0, 0, 0, 0, 0, 0, 0, 0, 2, 2
"d:\A04-115-AI-Read\A03-AI-Prompt-2026\P01-AI-personalization-work-2026\P007A-Claude-Connector-Canva-1150603\P007A-Claude-Connector-Canva-1150603.html", "HTML", 0, 0, 294, 0, 0, 0, 0, 24, 25, 343
"d:\A04-115-AI-Read\A03-AI-Prompt-2026\P01-AI-personalization-work-2026\P007B-Claude-Connector-Notion-1150606\P007B-Claude-Connector-Notion-1150606.html", "HTML", 0, 0, 493, 0, 0, 0, 0, 63, 65, 621
"d:\A04-115-AI-Read\A03-AI-Prompt-2026\P01-AI-personalization-work-2026\P007C-Claude-Cnnector-Gmail-1150606\P007C-Claude-Cnnector-Gmail-1150606.html", "HTML", 0, 0, 581, 0, 0, 0, 0, 25, 80, 686
"d:\A04-115-AI-Read\A03-AI-Prompt-2026\P01-AI-personalization-work-2026\P007C-Claude-Cnnector-Gmail-1150606\XP007C-Claude-Cnnector-Gmail-1150606.html", "HTML", 0, 0, 794, 0, 0, 0, 0, 16, 80, 890
"d:\A04-115-AI-Read\A03-AI-Prompt-2026\P01-AI-personalization-work-2026\P008-claude-skill-1150605\P008-claude-skill-1150605.html", "HTML", 0, 0, 376, 0, 0, 0, 0, 18, 65, 459
"d:\A04-115-AI-Read\A03-AI-Prompt-2026\P01-AI-personalization-work-2026\P009-OpenAI-Codex-Learning-1150609\P009-OpenAI-Codex-Learning-1150609.html", "HTML", 0, 0, 316, 0, 0, 0, 0, 26, 38, 380
"d:\A04-115-AI-Read\A03-AI-Prompt-2026\P01-AI-personalization-work-2026\P010-NotebookLM-Book-Reflection-Prompts-1150616\P010-NotebookLM-Book-Reflection-Prompts-1150616.html", "HTML", 0, 0, 391, 0, 0, 0, 0, 24, 58, 473
"d:\A04-115-AI-Read\A03-AI-Prompt-2026\Z10-NotebookLM-style-1150224\XXX-A01-NotebookLM-style-1150214 copy.html", "HTML", 0, 0, 654, 0, 0, 0, 0, 35, 75, 764
"d:\A04-115-AI-Read\A03-AI-Prompt-2026\Z10-NotebookLM-style-1150224\XXX-A01-NotebookLM-style-1150214.html", "HTML", 0, 0, 384, 0, 0, 0, 0, 22, 42, 448
"d:\A04-115-AI-Read\A04-AI-draw-2026\B01-ex-comm\BX02-nav-2025.html", "HTML", 0, 0, 29, 0, 0, 0, 0, 14, 4, 47
"d:\A04-115-AI-Read\A05-AI-Picture-Model-2026\A01-Index-AI-Picture-Model-1150430\A01-Index-AI-Picture-Model-1150430.html", "HTML", 0, 0, 541, 0, 0, 0, 0, 88, 146, 775
"d:\A04-115-AI-Read\A05-AI-Picture-Model-2026\B01-ex-comm\BX02-nav-2026 - 複製.html", "HTML", 0, 0, 103, 0, 0, 0, 0, 37, 14, 154
"d:\A04-115-AI-Read\A05-AI-Picture-Model-2026\B01-ex-comm\BX02-nav-2026.html", "HTML", 0, 0, 106, 0, 0, 0, 0, 37, 13, 156
"d:\A04-115-AI-Read\A05-AI-Picture-Model-2026\M01-Model-Prompt-Pictures-1150430\A00D-Prompt-Pictures-ver30-1141130 - 複製.html", "HTML", 0, 0, 405, 0, 0, 0, 0, 2, 59, 466
"d:\A04-115-AI-Read\A05-AI-Picture-Model-2026\M01-Model-Prompt-Pictures-1150430\M01-Model-Prompt-Pictures-1150430.html", "HTML", 0, 0, 415, 0, 0, 0, 0, 7, 62, 484
"d:\A04-115-AI-Read\A05-AI-Picture-Model-2026\M01-Model-Prompt-Pictures-1150430\js\A01-datafilter.html", "HTML", 0, 0, 0, 0, 0, 0, 0, 0, 1, 1
"d:\A04-115-AI-Read\A05-AI-Picture-Model-2026\M01-Model-Prompt-Pictures-1150430\js\BAK-data-1150304.js", "JavaScript", 0, 4646, 0, 0, 0, 0, 0, 1, 6, 4653
"d:\A04-115-AI-Read\A05-AI-Picture-Model-2026\M01-Model-Prompt-Pictures-1150430\js\data.js", "JavaScript", 0, 2356, 0, 0, 0, 0, 0, 0, 5, 2361
"d:\A04-115-AI-Read\A05-AI-Picture-Model-2026\M01-Model-Prompt-Pictures-1150430\js\script - 複製.js", "JavaScript", 0, 107, 0, 0, 0, 0, 0, 14, 17, 138
"d:\A04-115-AI-Read\A05-AI-Picture-Model-2026\M01-Model-Prompt-Pictures-1150430\js\script.js", "JavaScript", 0, 137, 0, 0, 0, 0, 0, 70, 30, 237
"d:\A04-115-AI-Read\A05-AI-Picture-Model-2026\M02-AI-Illustrations-to-Learn-American-History-1150517\B01-ex-comm\BX02-page-M02 copy.html", "HTML", 0, 0, 31, 0, 0, 0, 0, 0, 0, 31
"d:\A04-115-AI-Read\A05-AI-Picture-Model-2026\M02-AI-Illustrations-to-Learn-American-History-1150517\B01-ex-comm\BX02-page-M02.html", "HTML", 0, 0, 178, 0, 0, 0, 0, 5, 10, 193
"d:\A04-115-AI-Read\A05-AI-Picture-Model-2026\M02-AI-Illustrations-to-Learn-American-History-1150517\M02-Output-process-1150519\M02-NanoBananapro-Minions.html", "HTML", 0, 0, 173, 0, 0, 0, 0, 0, 32, 205
"d:\A04-115-AI-Read\A05-AI-Picture-Model-2026\M02-AI-Illustrations-to-Learn-American-History-1150517\M02-Output-process-1150519\M02-NanoBananapro-fong.html", "HTML", 0, 0, 173, 0, 0, 0, 0, 0, 29, 202
"d:\A04-115-AI-Read\A05-AI-Picture-Model-2026\M02-AI-Illustrations-to-Learn-American-History-1150517\M02-Output-process-1150519\M02-Output-process-1150519.html", "HTML", 0, 0, 789, 0, 0, 0, 0, 181, 102, 1072
"d:\A04-115-AI-Read\A05-AI-Picture-Model-2026\M02-AI-Illustrations-to-Learn-American-History-1150517\M02-Output-process-1150519\js\M02-Output.js", "JavaScript", 0, 717, 0, 0, 0, 0, 0, 0, 1, 718
"d:\A04-115-AI-Read\A05-AI-Picture-Model-2026\M02-AI-Illustrations-to-Learn-American-History-1150517\M02-Output-process-1150519\js\aa.js", "JavaScript", 0, 507, 0, 0, 0, 0, 0, 0, 1, 508
"d:\A04-115-AI-Read\A05-AI-Picture-Model-2026\M02-AI-Illustrations-to-Learn-American-History-1150517\P01-10\M02-01-05-Minions.html", "HTML", 0, 0, 189, 0, 0, 0, 0, 0, 31, 220
"d:\A04-115-AI-Read\A05-AI-Picture-Model-2026\M02-AI-Illustrations-to-Learn-American-History-1150517\P01-10\M02-01-05-USA-caption.html", "HTML", 0, 0, 189, 0, 0, 0, 0, 0, 29, 218
"d:\A04-115-AI-Read\A05-AI-Picture-Model-2026\M02-AI-Illustrations-to-Learn-American-History-1150517\P01-10\M02-01-05-fong.html", "HTML", 0, 0, 189, 0, 0, 0, 0, 0, 29, 218
"d:\A04-115-AI-Read\A05-AI-Picture-Model-2026\M02-AI-Illustrations-to-Learn-American-History-1150517\P01-10\M02-01-AI-Illustrations-to-Learn-American-History-1150517.html", "HTML", 0, 0, 774, 0, 0, 0, 0, 155, 91, 1020
"d:\A04-115-AI-Read\A05-AI-Picture-Model-2026\M02-AI-Illustrations-to-Learn-American-History-1150517\P01-10\M02-06-10-Snoopy.html", "HTML", 0, 0, 190, 0, 0, 0, 0, 0, 34, 224
"d:\A04-115-AI-Read\A05-AI-Picture-Model-2026\M02-AI-Illustrations-to-Learn-American-History-1150517\P01-10\M02-06-10-USA-Superman.html", "HTML", 0, 0, 190, 0, 0, 0, 0, 0, 33, 223
"d:\A04-115-AI-Read\A05-AI-Picture-Model-2026\M02-AI-Illustrations-to-Learn-American-History-1150517\P01-10\M02-06-10-fong.html", "HTML", 0, 0, 190, 0, 0, 0, 0, 0, 34, 224
"d:\A04-115-AI-Read\A05-AI-Picture-Model-2026\M02-AI-Illustrations-to-Learn-American-History-1150517\P01-10\M02-06-AI-Illustrations-to-Learn-American-History-1150518.html", "HTML", 0, 0, 774, 0, 0, 0, 0, 155, 91, 1020
"d:\A04-115-AI-Read\A05-AI-Picture-Model-2026\M02-AI-Illustrations-to-Learn-American-History-1150517\P01-10\js\M02-01-05.js", "JavaScript", 0, 577, 0, 0, 0, 0, 0, 0, 1, 578
"d:\A04-115-AI-Read\A05-AI-Picture-Model-2026\M02-AI-Illustrations-to-Learn-American-History-1150517\P01-10\js\M02-06-10.js", "JavaScript", 0, 577, 0, 0, 0, 0, 0, 5, 1, 583
"d:\A04-115-AI-Read\A05-AI-Picture-Model-2026\M02-AI-Illustrations-to-Learn-American-History-1150517\P01-10\js\aa.js", "JavaScript", 0, 507, 0, 0, 0, 0, 0, 0, 1, 508
"d:\A04-115-AI-Read\A05-AI-Picture-Model-2026\M02-AI-Illustrations-to-Learn-American-History-1150517\P11-20\M02-11-15-Garfield.html", "HTML", 0, 0, 188, 0, 0, 0, 0, 0, 34, 222
"d:\A04-115-AI-Read\A05-AI-Picture-Model-2026\M02-AI-Illustrations-to-Learn-American-History-1150517\P11-20\M02-11-15-USA-BatMan.html", "HTML", 0, 0, 188, 0, 0, 0, 0, 0, 30, 218
"d:\A04-115-AI-Read\A05-AI-Picture-Model-2026\M02-AI-Illustrations-to-Learn-American-History-1150517\P11-20\M02-11-15-fong.html", "HTML", 0, 0, 188, 0, 0, 0, 0, 0, 32, 220
"d:\A04-115-AI-Read\A05-AI-Picture-Model-2026\M02-AI-Illustrations-to-Learn-American-History-1150517\P11-20\M02-11-AI-Illustrations-to-Learn-American-History-1150519.html", "HTML", 0, 0, 774, 0, 0, 0, 0, 155, 91, 1020
"d:\A04-115-AI-Read\A05-AI-Picture-Model-2026\M02-AI-Illustrations-to-Learn-American-History-1150517\P11-20\M02-16-20-Charlie.html", "HTML", 0, 0, 188, 0, 0, 0, 0, 0, 33, 221
"d:\A04-115-AI-Read\A05-AI-Picture-Model-2026\M02-AI-Illustrations-to-Learn-American-History-1150517\P11-20\M02-16-20-USA-Superman.html", "HTML", 0, 0, 188, 0, 0, 0, 0, 0, 32, 220
"d:\A04-115-AI-Read\A05-AI-Picture-Model-2026\M02-AI-Illustrations-to-Learn-American-History-1150517\P11-20\M02-16-20-fong.html", "HTML", 0, 0, 188, 0, 0, 0, 0, 0, 34, 222
"d:\A04-115-AI-Read\A05-AI-Picture-Model-2026\M02-AI-Illustrations-to-Learn-American-History-1150517\P11-20\M02-16-AI-Illustrations-to-Learn-American-History-1150520.html", "HTML", 0, 0, 792, 0, 0, 0, 0, 172, 100, 1064
"d:\A04-115-AI-Read\A05-AI-Picture-Model-2026\M02-AI-Illustrations-to-Learn-American-History-1150517\P11-20\js\M02-11-15.js", "JavaScript", 0, 495, 0, 0, 0, 0, 0, 5, 5, 505
"d:\A04-115-AI-Read\A05-AI-Picture-Model-2026\M02-AI-Illustrations-to-Learn-American-History-1150517\P11-20\js\M02-16-20.js", "JavaScript", 0, 501, 0, 0, 0, 0, 0, 5, 6, 512
"d:\A04-115-AI-Read\A05-AI-Picture-Model-2026\M02-AI-Illustrations-to-Learn-American-History-1150517\P11-20\js\aa.js", "JavaScript", 0, 507, 0, 0, 0, 0, 0, 0, 1, 508
"d:\A04-115-AI-Read\A05-AI-Picture-Model-2026\M02-AI-Illustrations-to-Learn-American-History-1150517\P21-30\M02-21-25-Conan.html", "HTML", 0, 0, 191, 0, 0, 0, 0, 0, 34, 225
"d:\A04-115-AI-Read\A05-AI-Picture-Model-2026\M02-AI-Illustrations-to-Learn-American-History-1150517\P21-30\M02-21-25-USA-IronMan.html", "HTML", 0, 0, 191, 0, 0, 0, 0, 0, 31, 222
"d:\A04-115-AI-Read\A05-AI-Picture-Model-2026\M02-AI-Illustrations-to-Learn-American-History-1150517\P21-30\M02-21-25-fong.html", "HTML", 0, 0, 191, 0, 0, 0, 0, 0, 33, 224
"d:\A04-115-AI-Read\A05-AI-Picture-Model-2026\M02-AI-Illustrations-to-Learn-American-History-1150517\P21-30\M02-21-AI-Illustrations-to-Learn-American-History-1150520.html", "HTML", 0, 0, 790, 0, 0, 0, 0, 172, 100, 1062
"d:\A04-115-AI-Read\A05-AI-Picture-Model-2026\M02-AI-Illustrations-to-Learn-American-History-1150517\P21-30\M02-26-30-Minions.html", "HTML", 0, 0, 188, 0, 0, 0, 0, 0, 33, 221
"d:\A04-115-AI-Read\A05-AI-Picture-Model-2026\M02-AI-Illustrations-to-Learn-American-History-1150517\P21-30\M02-26-30-USA-SpongeBob.html", "HTML", 0, 0, 188, 0, 0, 0, 0, 0, 33, 221
"d:\A04-115-AI-Read\A05-AI-Picture-Model-2026\M02-AI-Illustrations-to-Learn-American-History-1150517\P21-30\M02-26-30-fong.html", "HTML", 0, 0, 188, 0, 0, 0, 0, 0, 31, 219
"d:\A04-115-AI-Read\A05-AI-Picture-Model-2026\M02-AI-Illustrations-to-Learn-American-History-1150517\P21-30\M02-26-AI-Illustrations-to-Learn-American-History-1150521.html", "HTML", 0, 0, 792, 0, 0, 0, 0, 172, 102, 1066
"d:\A04-115-AI-Read\A05-AI-Picture-Model-2026\M02-AI-Illustrations-to-Learn-American-History-1150517\P21-30\js\M02-21-25.js", "JavaScript", 0, 579, 0, 0, 0, 0, 0, 0, 1, 580
"d:\A04-115-AI-Read\A05-AI-Picture-Model-2026\M02-AI-Illustrations-to-Learn-American-History-1150517\P21-30\js\M02-26-30.js", "JavaScript", 0, 499, 0, 0, 0, 0, 0, 5, 5, 509
"d:\A04-115-AI-Read\A05-AI-Picture-Model-2026\M02-AI-Illustrations-to-Learn-American-History-1150517\P21-30\js\aa.js", "JavaScript", 0, 507, 0, 0, 0, 0, 0, 0, 1, 508
"d:\A04-115-AI-Read\A05-AI-Picture-Model-2026\M02-AI-Illustrations-to-Learn-American-History-1150517\P31-40\M02-31-35-Doraemon.html", "HTML", 0, 0, 190, 0, 0, 0, 0, 0, 31, 221
"d:\A04-115-AI-Read\A05-AI-Picture-Model-2026\M02-AI-Illustrations-to-Learn-American-History-1150517\P31-40\M02-31-35-Minions.html", "HTML", 0, 0, 190, 0, 0, 0, 0, 0, 34, 224
"d:\A04-115-AI-Read\A05-AI-Picture-Model-2026\M02-AI-Illustrations-to-Learn-American-History-1150517\P31-40\M02-31-35-fong.html", "HTML", 0, 0, 190, 0, 0, 0, 0, 0, 32, 222
"d:\A04-115-AI-Read\A05-AI-Picture-Model-2026\M02-AI-Illustrations-to-Learn-American-History-1150517\P31-40\M02-31-AI-Illustrations-to-Learn-American-History-1150521.html", "HTML", 0, 0, 790, 0, 0, 0, 0, 172, 100, 1062
"d:\A04-115-AI-Read\A05-AI-Picture-Model-2026\M02-AI-Illustrations-to-Learn-American-History-1150517\P31-40\M02-36-40-Luffy.html", "HTML", 0, 0, 187, 0, 0, 0, 0, 0, 33, 220
"d:\A04-115-AI-Read\A05-AI-Picture-Model-2026\M02-AI-Illustrations-to-Learn-American-History-1150517\P31-40\M02-36-40-Zoro.html", "HTML", 0, 0, 187, 0, 0, 0, 0, 0, 33, 220
"d:\A04-115-AI-Read\A05-AI-Picture-Model-2026\M02-AI-Illustrations-to-Learn-American-History-1150517\P31-40\M02-36-40-fong.html", "HTML", 0, 0, 187, 0, 0, 0, 0, 0, 31, 218
"d:\A04-115-AI-Read\A05-AI-Picture-Model-2026\M02-AI-Illustrations-to-Learn-American-History-1150517\P31-40\M02-36-AI-Illustrations-to-Learn-American-History-1150522.html", "HTML", 0, 0, 791, 0, 0, 0, 0, 172, 100, 1063
"d:\A04-115-AI-Read\A05-AI-Picture-Model-2026\M02-AI-Illustrations-to-Learn-American-History-1150517\P31-40\js\M02-31-35.js", "JavaScript", 0, 549, 0, 0, 0, 0, 0, 0, 0, 549
"d:\A04-115-AI-Read\A05-AI-Picture-Model-2026\M02-AI-Illustrations-to-Learn-American-History-1150517\P31-40\js\M02-36-40.js", "JavaScript", 0, 574, 0, 0, 0, 0, 0, 5, 5, 584
"d:\A04-115-AI-Read\A05-AI-Picture-Model-2026\M02-AI-Illustrations-to-Learn-American-History-1150517\P31-40\js\aa.js", "JavaScript", 0, 507, 0, 0, 0, 0, 0, 0, 1, 508
"d:\A04-115-AI-Read\A05-AI-Picture-Model-2026\M02-AI-Illustrations-to-Learn-American-History-1150517\P41-50\M02-41-45-Nami.html", "HTML", 0, 0, 187, 0, 0, 0, 0, 0, 31, 218
"d:\A04-115-AI-Read\A05-AI-Picture-Model-2026\M02-AI-Illustrations-to-Learn-American-History-1150517\P41-50\M02-41-45-Robin.html", "HTML", 0, 0, 187, 0, 0, 0, 0, 0, 33, 220
"d:\A04-115-AI-Read\A05-AI-Picture-Model-2026\M02-AI-Illustrations-to-Learn-American-History-1150517\P41-50\M02-41-45-fong.html", "HTML", 0, 0, 187, 0, 0, 0, 0, 0, 33, 220
"d:\A04-115-AI-Read\A05-AI-Picture-Model-2026\M02-AI-Illustrations-to-Learn-American-History-1150517\P41-50\M02-41-AI-Illustrations-to-Learn-American-History-1150521.html", "HTML", 0, 0, 790, 0, 0, 0, 0, 172, 100, 1062
"d:\A04-115-AI-Read\A05-AI-Picture-Model-2026\M02-AI-Illustrations-to-Learn-American-History-1150517\P41-50\M02-46-50-Doraemon.html", "HTML", 0, 0, 188, 0, 0, 0, 0, 0, 32, 220
"d:\A04-115-AI-Read\A05-AI-Picture-Model-2026\M02-AI-Illustrations-to-Learn-American-History-1150517\P41-50\M02-46-50-Minions.html", "HTML", 0, 0, 188, 0, 0, 0, 0, 0, 32, 220
"d:\A04-115-AI-Read\A05-AI-Picture-Model-2026\M02-AI-Illustrations-to-Learn-American-History-1150517\P41-50\M02-46-50-fong.html", "HTML", 0, 0, 188, 0, 0, 0, 0, 0, 31, 219
"d:\A04-115-AI-Read\A05-AI-Picture-Model-2026\M02-AI-Illustrations-to-Learn-American-History-1150517\P41-50\M02-46-AI-Illustrations-to-Learn-American-History-1150522.html", "HTML", 0, 0, 791, 0, 0, 0, 0, 172, 99, 1062
"d:\A04-115-AI-Read\A05-AI-Picture-Model-2026\M02-AI-Illustrations-to-Learn-American-History-1150517\P41-50\js\M02-41-45.js", "JavaScript", 0, 544, 0, 0, 0, 0, 0, 0, 0, 544
"d:\A04-115-AI-Read\A05-AI-Picture-Model-2026\M02-AI-Illustrations-to-Learn-American-History-1150517\P41-50\js\M02-46-50.js", "JavaScript", 0, 607, 0, 0, 0, 0, 0, 5, 5, 617
"d:\A04-115-AI-Read\A05-AI-Picture-Model-2026\M02-AI-Illustrations-to-Learn-American-History-1150517\P41-50\js\aa.js", "JavaScript", 0, 507, 0, 0, 0, 0, 0, 0, 1, 508
"d:\A04-115-AI-Read\A05-AI-Picture-Model-2026\M02-AI-Illustrations-to-Learn-American-History-1150517\P51-60\M02-51-55-Doraemon.html", "HTML", 0, 0, 188, 0, 0, 0, 0, 0, 34, 222
"d:\A04-115-AI-Read\A05-AI-Picture-Model-2026\M02-AI-Illustrations-to-Learn-American-History-1150517\P51-60\M02-51-55-Minions.html", "HTML", 0, 0, 188, 0, 0, 0, 0, 0, 33, 221
"d:\A04-115-AI-Read\A05-AI-Picture-Model-2026\M02-AI-Illustrations-to-Learn-American-History-1150517\P51-60\M02-51-55-fong.html", "HTML", 0, 0, 188, 0, 0, 0, 0, 0, 34, 222
"d:\A04-115-AI-Read\A05-AI-Picture-Model-2026\M02-AI-Illustrations-to-Learn-American-History-1150517\P51-60\M02-51-AI-Illustrations-to-Learn-American-History-1150523.html", "HTML", 0, 0, 790, 0, 0, 0, 0, 172, 100, 1062
"d:\A04-115-AI-Read\A05-AI-Picture-Model-2026\M02-AI-Illustrations-to-Learn-American-History-1150517\P51-60\M02-56-60-USA-Abraham-Lincoln.html", "HTML", 0, 0, 191, 0, 0, 0, 0, 0, 36, 227
"d:\A04-115-AI-Read\A05-AI-Picture-Model-2026\M02-AI-Illustrations-to-Learn-American-History-1150517\P51-60\M02-56-60-USA-George-Washington.html", "HTML", 0, 0, 191, 0, 0, 0, 0, 0, 37, 228
"d:\A04-115-AI-Read\A05-AI-Picture-Model-2026\M02-AI-Illustrations-to-Learn-American-History-1150517\P51-60\M02-56-60-fong.html", "HTML", 0, 0, 191, 0, 0, 0, 0, 0, 34, 225
"d:\A04-115-AI-Read\A05-AI-Picture-Model-2026\M02-AI-Illustrations-to-Learn-American-History-1150517\P51-60\M02-56-AI-Illustrations-to-Learn-American-History-1150523.html", "HTML", 0, 0, 823, 0, 0, 0, 0, 172, 106, 1101
"d:\A04-115-AI-Read\A05-AI-Picture-Model-2026\M02-AI-Illustrations-to-Learn-American-History-1150517\P51-60\js\M02-51-55.js", "JavaScript", 0, 592, 0, 0, 0, 0, 0, 0, 1, 593
"d:\A04-115-AI-Read\A05-AI-Picture-Model-2026\M02-AI-Illustrations-to-Learn-American-History-1150517\P51-60\js\M02-56-60.js", "JavaScript", 0, 917, 0, 0, 0, 0, 0, 0, 1, 918
"d:\A04-115-AI-Read\A05-AI-Picture-Model-2026\M02-AI-Illustrations-to-Learn-American-History-1150517\P51-60\js\aa.js", "JavaScript", 0, 507, 0, 0, 0, 0, 0, 0, 1, 508
"d:\A04-115-AI-Read\A05-AI-Picture-Model-2026\M02-AI-Illustrations-to-Learn-American-History-1150517\P61-70\M02-61-65-Theodore-Roosevelt.html", "HTML", 0, 0, 190, 0, 0, 0, 0, 0, 34, 224
"d:\A04-115-AI-Read\A05-AI-Picture-Model-2026\M02-AI-Illustrations-to-Learn-American-History-1150517\P61-70\M02-61-65-Thomas-Jefferson.html", "HTML", 0, 0, 190, 0, 0, 0, 0, 0, 32, 222
"d:\A04-115-AI-Read\A05-AI-Picture-Model-2026\M02-AI-Illustrations-to-Learn-American-History-1150517\P61-70\M02-61-65-fong.html", "HTML", 0, 0, 190, 0, 0, 0, 0, 0, 35, 225
"d:\A04-115-AI-Read\A05-AI-Picture-Model-2026\M02-AI-Illustrations-to-Learn-American-History-1150517\P61-70\M02-61-AI-Illustrations-to-Learn-American-History-1150523.html", "HTML", 0, 0, 822, 0, 0, 0, 0, 172, 103, 1097
"d:\A04-115-AI-Read\A05-AI-Picture-Model-2026\M02-AI-Illustrations-to-Learn-American-History-1150517\P61-70\M02-66-70-Conan.html", "HTML", 0, 0, 191, 0, 0, 0, 0, 0, 33, 224
"d:\A04-115-AI-Read\A05-AI-Picture-Model-2026\M02-AI-Illustrations-to-Learn-American-History-1150517\P61-70\M02-66-70-Snoopy.html", "HTML", 0, 0, 191, 0, 0, 0, 0, 0, 34, 225
"d:\A04-115-AI-Read\A05-AI-Picture-Model-2026\M02-AI-Illustrations-to-Learn-American-History-1150517\P61-70\M02-66-70-fong.html", "HTML", 0, 0, 191, 0, 0, 0, 0, 0, 31, 222
"d:\A04-115-AI-Read\A05-AI-Picture-Model-2026\M02-AI-Illustrations-to-Learn-American-History-1150517\P61-70\M02-66-AI-Illustrations-to-Learn-American-History-1150523.html", "HTML", 0, 0, 791, 0, 0, 0, 0, 172, 99, 1062
"d:\A04-115-AI-Read\A05-AI-Picture-Model-2026\M02-AI-Illustrations-to-Learn-American-History-1150517\P61-70\js\M02-61-65.js", "JavaScript", 0, 875, 0, 0, 0, 0, 0, 5, 5, 885
"d:\A04-115-AI-Read\A05-AI-Picture-Model-2026\M02-AI-Illustrations-to-Learn-American-History-1150517\P61-70\js\M02-66-70.js", "JavaScript", 0, 690, 0, 0, 0, 0, 0, 0, 1, 691
"d:\A04-115-AI-Read\A05-AI-Picture-Model-2026\M02-AI-Illustrations-to-Learn-American-History-1150517\P61-70\js\aa.js", "JavaScript", 0, 507, 0, 0, 0, 0, 0, 0, 1, 508
"d:\A04-115-AI-Read\A05-AI-Picture-Model-2026\M02-AI-Illustrations-to-Learn-American-History-1150517\P71-80\M02-71-75-USA-Abraham-Lincoln.html", "HTML", 0, 0, 191, 0, 0, 0, 0, 0, 31, 222
"d:\A04-115-AI-Read\A05-AI-Picture-Model-2026\M02-AI-Illustrations-to-Learn-American-History-1150517\P71-80\M02-71-75-USA-Theodore-Roosevelt.html", "HTML", 0, 0, 191, 0, 0, 0, 0, 0, 32, 223
"d:\A04-115-AI-Read\A05-AI-Picture-Model-2026\M02-AI-Illustrations-to-Learn-American-History-1150517\P71-80\M02-71-75-fong.html", "HTML", 0, 0, 191, 0, 0, 0, 0, 0, 34, 225
"d:\A04-115-AI-Read\A05-AI-Picture-Model-2026\M02-AI-Illustrations-to-Learn-American-History-1150517\P71-80\M02-71-AI-Illustrations-to-Learn-American-History-1150525.html", "HTML", 0, 0, 823, 0, 0, 0, 0, 172, 102, 1097
"d:\A04-115-AI-Read\A05-AI-Picture-Model-2026\M02-AI-Illustrations-to-Learn-American-History-1150517\P71-80\M02-76-80-Minions.html", "HTML", 0, 0, 192, 0, 0, 0, 0, 0, 33, 225
"d:\A04-115-AI-Read\A05-AI-Picture-Model-2026\M02-AI-Illustrations-to-Learn-American-History-1150517\P71-80\M02-76-80-USA-Trump.html", "HTML", 0, 0, 192, 0, 0, 0, 0, 0, 33, 225
"d:\A04-115-AI-Read\A05-AI-Picture-Model-2026\M02-AI-Illustrations-to-Learn-American-History-1150517\P71-80\M02-76-80-fong.html", "HTML", 0, 0, 192, 0, 0, 0, 0, 0, 31, 223
"d:\A04-115-AI-Read\A05-AI-Picture-Model-2026\M02-AI-Illustrations-to-Learn-American-History-1150517\P71-80\M02-76-AI-Illustrations-to-Learn-American-History-1150523.html", "HTML", 0, 0, 791, 0, 0, 0, 0, 172, 99, 1062
"d:\A04-115-AI-Read\A05-AI-Picture-Model-2026\M02-AI-Illustrations-to-Learn-American-History-1150517\P71-80\js\M02-71-75.js", "JavaScript", 0, 988, 0, 0, 0, 0, 0, 0, 0, 988
"d:\A04-115-AI-Read\A05-AI-Picture-Model-2026\M02-AI-Illustrations-to-Learn-American-History-1150517\P71-80\js\M02-76-80.js", "JavaScript", 0, 902, 0, 0, 0, 0, 0, 0, 0, 902
"d:\A04-115-AI-Read\A05-AI-Picture-Model-2026\M02-AI-Illustrations-to-Learn-American-History-1150517\P71-80\js\aa.js", "JavaScript", 0, 507, 0, 0, 0, 0, 0, 0, 1, 508
"d:\A04-115-AI-Read\A05-AI-Picture-Model-2026\M03-Son-six-day-trip-to-Kansai-1150612\M03-Son-six-day-trip-to-Kansai-1150612-v5.html", "HTML", 0, 0, 456, 0, 0, 0, 0, 8, 53, 517
"d:\A04-115-AI-Read\A05-AI-Picture-Model-2026\M03-Son-six-day-trip-to-Kansai-1150612\data.js", "JavaScript", 0, 1014, 0, 0, 0, 0, 0, 4, 9, 1027
"d:\A04-115-AI-Read\A05-AI-Picture-Model-2026\M04-Ebook-365-simple-truth-1150709\A02-gold-sentence-data-備份.js", "JavaScript", 0, 2915, 0, 0, 0, 0, 0, 0, 1, 2916
"d:\A04-115-AI-Read\A05-AI-Picture-Model-2026\M04-Ebook-365-simple-truth-1150709\A02-gold-sentence-data.js", "JavaScript", 0, 2914, 0, 0, 0, 0, 0, 0, 0, 2914
"d:\A04-115-AI-Read\A05-AI-Picture-Model-2026\M04-Ebook-365-simple-truth-1150709\Data.js", "JavaScript", 0, 1248, 0, 0, 0, 0, 0, 0, 6, 1254
"d:\A04-115-AI-Read\A05-AI-Picture-Model-2026\M04-Ebook-365-simple-truth-1150709\M04-Ebook-365-simple-truth-pic-wall-1150709-備份.html", "HTML", 0, 0, 739, 0, 0, 0, 0, 1, 101, 841
"d:\A04-115-AI-Read\A05-AI-Picture-Model-2026\M04-Ebook-365-simple-truth-1150709\M04-Ebook-365-simple-truth-pic-wall-1150709.html", "HTML", 0, 0, 723, 0, 0, 0, 0, 1, 100, 824
"d:\A04-115-AI-Read\A05-AI-Picture-Model-2026\M04-Ebook-365-simple-truth-1150709\S00-Data-Tool\A01-transfer-data.html", "HTML", 0, 0, 159, 0, 0, 0, 0, 0, 26, 185
"d:\A04-115-AI-Read\A05-AI-Picture-Model-2026\M04-Ebook-365-simple-truth-1150709\S00-Data-Tool\A02-sort-data.html", "HTML", 0, 0, 131, 0, 0, 0, 0, 3, 25, 159
"d:\A04-115-AI-Read\A05-AI-Picture-Model-2026\M04-Ebook-365-simple-truth-1150709\S00-Data-Tool\A03-wisdom-classifier.html", "HTML", 0, 0, 650, 0, 0, 0, 0, 4, 60, 714
"d:\A04-115-AI-Read\A05-AI-Picture-Model-2026\M04-Ebook-365-simple-truth-1150709\S00-Data-Tool\A04-data3-to-ebookdata.html", "HTML", 0, 0, 507, 0, 0, 0, 0, 5, 39, 551
"d:\A04-115-AI-Read\A05-AI-Picture-Model-2026\M04-Ebook-365-simple-truth-1150709\S00-Data-Tool\change-link-備份.html", "HTML", 0, 0, 364, 0, 0, 0, 0, 0, 0, 364
"d:\A04-115-AI-Read\A05-AI-Picture-Model-2026\M04-Ebook-365-simple-truth-1150709\sample.js", "JavaScript", 0, 500, 0, 0, 0, 0, 0, 0, 9, 509
"d:\A04-115-AI-Read\A05-AI-Picture-Model-2026\M04-LINE-sticke-wall-1150613\M04-LINE-sticke-wall-1150613-v10.html", "HTML", 0, 0, 556, 0, 0, 0, 0, 17, 69, 642
"d:\A04-115-AI-Read\A05-AI-Picture-Model-2026\M04-LINE-sticke-wall-1150613\M04-LINE-sticke-wall-1150613-v11.html", "HTML", 0, 0, 558, 0, 0, 0, 0, 17, 69, 644
"d:\A04-115-AI-Read\A05-AI-Picture-Model-2026\M04-LINE-sticke-wall-1150613\M04-LINE-sticke-wall-1150613-v12-ok.html", "HTML", 0, 0, 556, 0, 0, 0, 0, 17, 69, 642
"d:\A04-115-AI-Read\A05-AI-Picture-Model-2026\M04-LINE-sticke-wall-1150613\M04-LINE-sticke-wall-1150613-v13.html", "HTML", 0, 0, 655, 0, 0, 0, 0, 18, 83, 756
"d:\A04-115-AI-Read\A05-AI-Picture-Model-2026\M04-LINE-sticke-wall-1150613\sticker-db.js", "JavaScript", 0, 4070, 0, 0, 0, 0, 0, 4, 14, 4088
"d:\A04-115-AI-Read\A05-AI-Picture-Model-2026\N01-News-Story-1150617\N001-2026-NBA-Champion-New-York-Knicks-1150617\A01-Perplexity-knicks-brunson-article.html", "HTML", 0, 0, 342, 0, 0, 0, 0, 0, 8, 350
"d:\A04-115-AI-Read\A05-AI-Picture-Model-2026\N01-News-Story-1150617\N001-2026-NBA-Champion-New-York-Knicks-1150617\A02-Deepseek_html_20260617_22b5de.html", "HTML", 0, 0, 680, 0, 0, 0, 0, 49, 64, 793
"d:\A04-115-AI-Read\A05-AI-Picture-Model-2026\N01-News-Story-1150617\N001-2026-NBA-Champion-New-York-Knicks-1150617\A03-Claude-Vintage Newspaper.html", "HTML", 0, 0, 664, 0, 0, 0, 0, 16, 97, 777
"d:\A04-115-AI-Read\A05-AI-Picture-Model-2026\N01-News-Story-1150617\N001-2026-NBA-Champion-New-York-Knicks-1150617\A04-Deepseek-NYC-Street-Style.html", "HTML", 0, 0, 1493, 0, 0, 0, 0, 40, 93, 1626
"d:\A04-115-AI-Read\A05-AI-Picture-Model-2026\N01-News-Story-1150617\N001-2026-NBA-Champion-New-York-Knicks-1150617\A05-Gemini-knicks_2026_championship_road.html", "HTML", 0, 0, 764, 0, 0, 0, 0, 56, 92, 912
"d:\A04-115-AI-Read\A05-AI-Picture-Model-2026\N01-News-Story-1150617\N001-2026-NBA-Champion-New-York-Knicks-1150617\A06-Deepseek-Meme-Celebration.html", "HTML", 0, 0, 864, 0, 0, 0, 0, 47, 146, 1057
"d:\A04-115-AI-Read\A05-AI-Picture-Model-2026\N01-News-Story-1150617\N001-2026-NBA-Champion-New-York-Knicks-1150617\N001-2026-NBA-Champion-New-York-Knicks-1150617.html", "HTML", 0, 0, 667, 0, 0, 0, 0, 47, 91, 805
"d:\A04-115-AI-Read\Desktop.ini", "Ini", 0, 0, 0, 3, 0, 0, 0, 0, 1, 4
"d:\A04-115-AI-Read\L01-AI-Learn\A00-Index-AI-Learn-1150314\A00-Index-AI-Learn-1150314.html", "HTML", 0, 0, 555, 0, 0, 0, 0, 52, 137, 744
"d:\A04-115-AI-Read\L01-AI-Learn\A00-Index-AI-Learn-1150314\css\C01-1-pic.css", "PostCSS", 0, 0, 0, 0, 178, 0, 0, 11, 22, 211
"d:\A04-115-AI-Read\L01-AI-Learn\A00-Index-AI-Learn-1150314\css\E01-1-board.css", "PostCSS", 0, 0, 0, 0, 251, 0, 0, 25, 57, 333
"d:\A04-115-AI-Read\L01-AI-Learn\A00-Index-AI-Learn-1150314\css\E01-1-board.js", "JavaScript", 0, 5, 0, 0, 0, 0, 0, 1, 1, 7
"d:\A04-115-AI-Read\L01-AI-Learn\A00-Index-AI-Learn-1150314\css\F02-2-note.css", "PostCSS", 0, 0, 0, 0, 106, 0, 0, 0, 1, 107
"d:\A04-115-AI-Read\L01-AI-Learn\A00-Index-AI-Learn-1150314\css\P01-1-pic.css", "PostCSS", 0, 0, 0, 0, 87, 0, 0, 6, 14, 107
"d:\A04-115-AI-Read\L01-AI-Learn\A00-Index-AI-Learn-1150314\css\all.css", "PostCSS", 0, 0, 0, 0, 3112, 0, 0, 6, 1502, 4620
"d:\A04-115-AI-Read\L01-AI-Learn\A00-Index-AI-Learn-1150314\css\demo.css", "PostCSS", 0, 0, 0, 0, 435, 0, 0, 19, 86, 540
"d:\A04-115-AI-Read\L01-AI-Learn\A00-Index-AI-Learn-1150314\css\demo_index.html", "HTML", 0, 0, 508, 0, 0, 0, 0, 2, 66, 576
"d:\A04-115-AI-Read\L01-AI-Learn\A00-Index-AI-Learn-1150314\css\iconfont.css", "PostCSS", 0, 0, 0, 0, 62, 0, 0, 0, 20, 82
"d:\A04-115-AI-Read\L01-AI-Learn\A00-Index-AI-Learn-1150314\css\iconfont.js", "JavaScript", 0, 1, 0, 0, 0, 0, 0, 0, 0, 1
"d:\A04-115-AI-Read\L01-AI-Learn\A00-Index-AI-Learn-1150314\css\iconfont.json", "JSON", 0, 0, 0, 0, 0, 0, 128, 0, 1, 129
"d:\A04-115-AI-Read\L01-AI-Learn\A01-AI-Aninaroin-2026\Ani01-animation-guide-1150602\Ani01-animation-guide-1150602.html", "HTML", 0, 0, 340, 0, 0, 0, 0, 26, 65, 431
"d:\A04-115-AI-Read\L01-AI-Learn\A01-AI-Aninaroin-2026\Ani01-animation-guide-1150602\bak-Ani01-animation-guide-1150602.html", "HTML", 0, 0, 390, 0, 0, 0, 0, 13, 36, 439
"d:\A04-115-AI-Read\L01-AI-Learn\A01-AI-Aninaroin-2026\Ani02-First-experience-with-AI-animation-1150605\Ani02-First-experience-with-AI-animation-1150605.html", "HTML", 0, 0, 793, 0, 0, 0, 0, 187, 104, 1084
"d:\A04-115-AI-Read\L01-AI-Learn\A01-AI-Aninaroin-2026\Ani02-First-experience-with-AI-animation-1150605\js\M02-Output.js", "JavaScript", 0, 306, 0, 0, 0, 0, 0, 0, 9, 315
"d:\A04-115-AI-Read\L01-AI-Learn\A01-AI-Aninaroin-2026\Ani02-First-experience-with-AI-animation-1150605\js\aa.js", "JavaScript", 0, 507, 0, 0, 0, 0, 0, 0, 1, 508
"d:\A04-115-AI-Read\L01-AI-Learn\A02-AI-Analysis-2026\Auto-E001-Analysis-diet-sugar-reduction-and-walking-1150513\Auto-E001-Analysis-diet-sugar-reduction-and-walking-1150513.html", "HTML", 0, 0, 761, 0, 0, 0, 0, 206, 86, 1053
"d:\A04-115-AI-Read\L01-AI-Learn\A02-AI-Analysis-2026\Auto-E001-Analysis-diet-sugar-reduction-and-walking-1150513\js\A-data-img.js", "JavaScript", 0, 659, 0, 0, 0, 0, 0, 0, 2, 661
"d:\A04-115-AI-Read\L01-AI-Learn\A02-AI-Analysis-2026\Auto-E001-Analysis-diet-sugar-reduction-and-walking-1150513\js\aa.js", "JavaScript", 0, 0, 0, 0, 0, 0, 0, 0, 2, 2
"d:\A04-115-AI-Read\L01-AI-Learn\A02-AI-Analysis-2026\Auto-E002-Analysis-diet-sugar-reduction-and-walking-1150527\Auto-E002-Analysis-diet-sugar-reduction-and-walking-1150527.html", "HTML", 0, 0, 761, 0, 0, 0, 0, 206, 86, 1053
"d:\A04-115-AI-Read\L01-AI-Learn\A02-AI-Analysis-2026\Auto-E002-Analysis-diet-sugar-reduction-and-walking-1150527\js\A-data-img.js", "JavaScript", 0, 690, 0, 0, 0, 0, 0, 4, 8, 702
"d:\A04-115-AI-Read\L01-AI-Learn\A02-AI-Analysis-2026\Auto-E002-Analysis-diet-sugar-reduction-and-walking-1150527\js\aa.js", "JavaScript", 0, 0, 0, 0, 0, 0, 0, 0, 2, 2
"d:\A04-115-AI-Read\L01-AI-Learn\B01-ex-comm\BX02-nav-2025.html", "HTML", 0, 0, 106, 0, 0, 0, 0, 18, 11, 135
"d:\A04-115-AI-Read\L01-AI-Learn\Desktop.ini", "Ini", 0, 0, 0, 3, 0, 0, 0, 0, 1, 4
"d:\A04-115-AI-Read\L01-AI-Learn\L01-English-word-cards-1150314\A01-vocab_data.js", "JavaScript", 0, 3382, 0, 0, 0, 0, 0, 4, 1, 3387
"d:\A04-115-AI-Read\L01-AI-Learn\L01-English-word-cards-1150314\A02-English-word-cards-1150314.html", "HTML", 0, 0, 609, 0, 0, 0, 0, 8, 90, 707
"d:\A04-115-AI-Read\L01-AI-Learn\L01-English-word-cards-1150314\L01-English-word-cards-1150314-ok.html", "HTML", 0, 0, 582, 0, 0, 0, 0, 0, 83, 665
"d:\A04-115-AI-Read\L01-AI-Learn\L01-English-word-cards-1150314\T01X-tool-transfer-data.html", "HTML", 0, 0, 224, 0, 0, 0, 0, 0, 36, 260
"d:\A04-115-AI-Read\L01-AI-Learn\L01-English-word-cards-1150314\T02-tool-transfer-data.html", "HTML", 0, 0, 201, 0, 0, 0, 0, 0, 33, 234
"d:\A04-115-AI-Read\L01-AI-Learn\R01-Read-2026\R001-20-NotebookLM-Reading-Tips-1150318\R001-20-NotebookLM-Reading-Tips-1150318.html", "HTML", 0, 0, 761, 0, 0, 0, 0, 206, 86, 1053
"d:\A04-115-AI-Read\L01-AI-Learn\R01-Read-2026\R001-20-NotebookLM-Reading-Tips-1150318\js\A-data-img.js", "JavaScript", 0, 178, 0, 0, 0, 0, 0, 0, 4, 182
"d:\A04-115-AI-Read\L01-AI-Learn\R01-Read-2026\R001-20-NotebookLM-Reading-Tips-1150318\js\aa.js", "JavaScript", 0, 0, 0, 0, 0, 0, 0, 0, 2, 2
"d:\A04-115-AI-Read\L01-AI-Learn\R01-Read-2026\R002-Three-interpretations-of-a-letter-from-home-1150318\R002-Three-interpretations-of-a-letter-from-home-1150318.html", "HTML", 0, 0, 761, 0, 0, 0, 0, 206, 86, 1053
"d:\A04-115-AI-Read\L01-AI-Learn\R01-Read-2026\R002-Three-interpretations-of-a-letter-from-home-1150318\js\A-data-img.js", "JavaScript", 0, 246, 0, 0, 0, 0, 0, 0, 1, 247
"d:\A04-115-AI-Read\L01-AI-Learn\R01-Read-2026\R002-Three-interpretations-of-a-letter-from-home-1150318\js\aa.js", "JavaScript", 0, 0, 0, 0, 0, 0, 0, 0, 2, 2
"d:\A04-115-AI-Read\L01-AI-Learn\V01-Vibe-Coding-2026\C21-Account-management-records-1150520\001-BAK-C01-Account-management-records-1150520.html", "HTML", 0, 0, 1534, 0, 0, 0, 0, 9, 182, 1725
"d:\A04-115-AI-Read\L01-AI-Learn\V01-Vibe-Coding-2026\C21-Account-management-records-1150520\002-BAK-C01-Account-management-records-1150520.html", "HTML", 0, 0, 1532, 0, 0, 0, 0, 9, 182, 1723
"d:\A04-115-AI-Read\L01-AI-Learn\V01-Vibe-Coding-2026\C21-Account-management-records-1150520\C21-Account-management-records-1150520.html", "HTML", 0, 0, 1541, 0, 0, 0, 0, 9, 187, 1737
"d:\A04-115-AI-Read\L01-AI-Learn\V01-Vibe-Coding-2026\C22-Forecast-Book-of-Future-Events-1150515\C22-Forecast-Book-of-Future-Events-1150515.html", "HTML", 0, 0, 344, 0, 0, 0, 0, 4, 34, 382
"d:\A04-115-AI-Read\L01-AI-Learn\V01-Vibe-Coding-2026\C22-Forecast-Book-of-Future-Events-1150515\C22A-Forecast-Book-of-Future-Events-1150515 - 複製.html", "HTML", 0, 0, 338, 0, 0, 0, 0, 4, 34, 376
"d:\A04-115-AI-Read\L01-AI-Learn\V01-Vibe-Coding-2026\C23-Claude-Forecast-Book-of-Future-Events-1150516\BAK001-C23-Claude-Forecast-Book-of-Future-Events-1150516.html", "HTML", 0, 0, 1230, 0, 0, 0, 0, 9, 169, 1408
"d:\A04-115-AI-Read\L01-AI-Learn\V01-Vibe-Coding-2026\C23-Claude-Forecast-Book-of-Future-Events-1150516\BAK002-C23-Claude-Forecast-Book-of-Future-Events-1150516.html", "HTML", 0, 0, 1316, 0, 0, 0, 0, 9, 176, 1501
"d:\A04-115-AI-Read\L01-AI-Learn\V01-Vibe-Coding-2026\C23-Claude-Forecast-Book-of-Future-Events-1150516\C23-Claude-Forecast-Book-of-Future-Events-1150516.html", "HTML", 0, 0, 1332, 0, 0, 0, 0, 9, 179, 1520
"d:\A04-115-AI-Read\L01-AI-Learn\V01-Vibe-Coding-2026\C23-Claude-Forecast-Book-of-Future-Events-1150516\README.md", "Markdown", 96, 0, 0, 0, 0, 0, 0, 5, 36, 137
"d:\A04-115-AI-Read\L01-AI-Learn\V01-Vibe-Coding-2026\C24-Phsh-High-School-Admissions-strategy-1150527\C24-Phsh-High-School-Admissions-strategy-1150527.html", "HTML", 0, 0, 765, 0, 0, 0, 0, 4, 64, 833
"d:\A04-115-AI-Read\L01-AI-Learn\V01-Vibe-Coding-2026\C25-Phsh-High-School-Strategy-Emergent-1150527\C25-Phsh-High-School-Strategy-Emergent-1150527.html", "HTML", 0, 0, 5266, 0, 0, 0, 0, 24, 494, 5784
"d:\A04-115-AI-Read\L01-AI-Learn\V01-Vibe-Coding-2026\C25-Phsh-High-School-Strategy-Emergent-1150527\saved_resource.html", "HTML", 0, 0, 11, 0, 0, 0, 0, 1, 2, 14
"d:\A04-115-AI-Read\L01-AI-Learn\V01-Vibe-Coding-2026\C26-JpgPngtoWebp-1150602\C26-JpgPngtoWebp-1150602.html", "HTML", 0, 0, 387, 0, 0, 0, 0, 3, 77, 467
"d:\A04-115-AI-Read\L01-AI-Learn\V01-Vibe-Coding-2026\C27-png-to-pdf-final-1150604\C27-png-to-pdf-final-1150604.html", "HTML", 0, 0, 370, 0, 0, 0, 0, 1, 44, 415
"d:\A04-115-AI-Read\L01-AI-Learn\V01-Vibe-Coding-2026\C28-Taiwan-Stock-Sim-v2-1150605\C28-Taiwan-Stock-Sim-v10.html", "HTML", 0, 0, 564, 0, 0, 0, 0, 7, 28, 599
"d:\A04-115-AI-Read\L01-AI-Learn\V01-Vibe-Coding-2026\C28-Taiwan-Stock-Sim-v2-1150605\C28-Taiwan-Stock-Sim-v8.html", "HTML", 0, 0, 1881, 0, 0, 0, 0, 29, 190, 2100
"d:\A04-115-AI-Read\L01-AI-Learn\V01-Vibe-Coding-2026\C28-Taiwan-Stock-Sim-v2-1150605\C28-Taiwan-Stock-Sim-v9.html", "HTML", 0, 0, 553, 0, 0, 0, 0, 7, 27, 587
"d:\A04-115-AI-Read\L01-AI-Learn\V01-Vibe-Coding-2026\C28-Taiwan-Stock-Sim-v2-1150605\apps-script-v3.js", "JavaScript", 0, 477, 0, 0, 0, 0, 0, 31, 58, 566
"d:\A04-115-AI-Read\L01-AI-Learn\V01-Vibe-Coding-2026\C28-Taiwan-Stock-Sim-v2-1150605\apps-script-v4.js", "JavaScript", 0, 541, 0, 0, 0, 0, 0, 31, 66, 638
"d:\A04-115-AI-Read\L01-AI-Learn\V01-Vibe-Coding-2026\C29-Japan-travel-introduction-1150703\C29-Image-carousel-v2.html", "HTML", 0, 0, 540, 0, 0, 0, 0, 3, 83, 626
"d:\A04-115-AI-Read\L01-AI-Learn\V01-Vibe-Coding-2026\C29-Japan-travel-introduction-1150703\C29-Japan-travel-introduction-1150703-DeepSeek-V3.html", "HTML", 0, 0, 580, 0, 0, 0, 0, 32, 69, 681
"d:\A04-115-AI-Read\L01-AI-Learn\V01-Vibe-Coding-2026\C29-Japan-travel-introduction-1150703\C29-PPT-map.html", "HTML", 0, 0, 225, 0, 0, 0, 0, 0, 27, 252
"d:\A04-115-AI-Read\L01-AI-Learn\V01-Vibe-Coding-2026\C30-Japan-travel-intro-1150704\C30-Japan-travel-intro-1150704-v5.html", "HTML", 0, 0, 2706, 0, 0, 0, 0, 51, 137, 2894
"d:\A04-115-AI-Read\L01-AI-Learn\V01-Vibe-Coding-2026\C31-Japanese-syllabary-learning-1150710\C31-Japanese-syllabary-learning-1150710.html", "HTML", 0, 0, 1451, 0, 0, 0, 0, 8, 35, 1494
"d:\A04-115-AI-Read\W01-Web-Browser\database.js", "JavaScript", 0, 794, 0, 0, 0, 0, 0, 0, 2, 796
"d:\A04-115-AI-Read\W01-Web-Browser\index.html", "HTML", 0, 0, 277, 0, 0, 0, 0, 0, 41, 318
"d:\A04-115-AI-Read\W01-Web-Browser\indexB.html", "HTML", 0, 0, 179, 0, 0, 0, 0, 0, 29, 208
"d:\A04-115-AI-Read\W01-Web-Browser\indexC.html", "HTML", 0, 0, 212, 0, 0, 0, 0, 0, 34, 246
"d:\A04-115-AI-Read\W02-Web-AI-instantly-changes-clones-2026\A01-Index-AI-Change-1150617\A01-Index-AI-Change-1150617.html", "HTML", 0, 0, 487, 0, 0, 0, 0, 52, 144, 683
"d:\A04-115-AI-Read\W02-Web-AI-instantly-changes-clones-2026\A01-Index-AI-Change-1150617\css\C01-1-pic.css", "PostCSS", 0, 0, 0, 0, 178, 0, 0, 11, 22, 211
"d:\A04-115-AI-Read\W02-Web-AI-instantly-changes-clones-2026\A01-Index-AI-Change-1150617\css\E01-1-board.css", "PostCSS", 0, 0, 0, 0, 251, 0, 0, 25, 57, 333
"d:\A04-115-AI-Read\W02-Web-AI-instantly-changes-clones-2026\A01-Index-AI-Change-1150617\css\E01-1-board.js", "JavaScript", 0, 5, 0, 0, 0, 0, 0, 1, 1, 7
"d:\A04-115-AI-Read\W02-Web-AI-instantly-changes-clones-2026\A01-Index-AI-Change-1150617\css\F02-2-note.css", "PostCSS", 0, 0, 0, 0, 106, 0, 0, 0, 1, 107
"d:\A04-115-AI-Read\W02-Web-AI-instantly-changes-clones-2026\A01-Index-AI-Change-1150617\css\P01-1-pic.css", "PostCSS", 0, 0, 0, 0, 87, 0, 0, 6, 14, 107
"d:\A04-115-AI-Read\W02-Web-AI-instantly-changes-clones-2026\A01-Index-AI-Change-1150617\css\all.css", "PostCSS", 0, 0, 0, 0, 3112, 0, 0, 6, 1502, 4620
"d:\A04-115-AI-Read\W02-Web-AI-instantly-changes-clones-2026\A01-Index-AI-Change-1150617\css\demo.css", "PostCSS", 0, 0, 0, 0, 435, 0, 0, 19, 86, 540
"d:\A04-115-AI-Read\W02-Web-AI-instantly-changes-clones-2026\A01-Index-AI-Change-1150617\css\demo_index.html", "HTML", 0, 0, 508, 0, 0, 0, 0, 2, 66, 576
"d:\A04-115-AI-Read\W02-Web-AI-instantly-changes-clones-2026\A01-Index-AI-Change-1150617\css\iconfont.css", "PostCSS", 0, 0, 0, 0, 62, 0, 0, 0, 20, 82
"d:\A04-115-AI-Read\W02-Web-AI-instantly-changes-clones-2026\A01-Index-AI-Change-1150617\css\iconfont.js", "JavaScript", 0, 1, 0, 0, 0, 0, 0, 0, 0, 1
"d:\A04-115-AI-Read\W02-Web-AI-instantly-changes-clones-2026\A01-Index-AI-Change-1150617\css\iconfont.json", "JSON", 0, 0, 0, 0, 0, 0, 128, 0, 1, 129
"d:\A04-115-AI-Read\W02-Web-AI-instantly-changes-clones-2026\B01-ex-comm\BX02-nav-2026.html", "HTML", 0, 0, 73, 0, 0, 0, 0, 20, 8, 101
"d:\A04-115-AI-Read\W02-Web-AI-instantly-changes-clones-2026\D01-Daily-question-11506-07\D001-1150617-knicks-daily-question\D001A-Deepseek_html_1150607.html", "HTML", 0, 0, 278, 0, 0, 0, 0, 24, 56, 358
"d:\A04-115-AI-Read\W02-Web-AI-instantly-changes-clones-2026\D01-Daily-question-11506-07\D001-1150617-knicks-daily-question\D001B-1150617-knicks-daily-question.html", "HTML", 0, 0, 249, 0, 0, 0, 0, 10, 55, 314
"d:\A04-115-AI-Read\W02-Web-AI-instantly-changes-clones-2026\D01-Daily-question-11506-07\D001-1150617-knicks-daily-question\D001C-1150617-knicks-daily-question.html", "HTML", 0, 0, 633, 0, 0, 0, 0, 44, 42, 719
"d:\A04-115-AI-Read\W02-Web-AI-instantly-changes-clones-2026\D01-Daily-question-11506-07\D002-1150620-Animation\A02-retirement-ai-animation-ready.html", "HTML", 0, 0, 173, 0, 0, 0, 0, 0, 9, 182
"d:\A04-115-AI-Read\W02-Web-AI-instantly-changes-clones-2026\D01-Daily-question-11506-07\D002-1150620-Animation\A03-retirement-ai-animation-article.html", "HTML", 0, 0, 386, 0, 0, 0, 0, 2, 52, 440
"d:\A04-115-AI-Read\W02-Web-AI-instantly-changes-clones-2026\D01-Daily-question-11506-07\D002-1150620-Animation\A04-AI-animation-guide-20260620.html", "HTML", 0, 0, 655, 0, 0, 0, 0, 44, 80, 779
"d:\A04-115-AI-Read\W02-Web-AI-instantly-changes-clones-2026\D01-Daily-question-11506-07\D002-1150620-Animation\D002A-A01-daily-question-ai-animation.html", "HTML", 0, 0, 326, 0, 0, 0, 0, 0, 34, 360
"d:\A04-115-AI-Read\W02-Web-AI-instantly-changes-clones-2026\D01-Daily-question-11506-07\D002-1150620-Animation\E01-ex-comm\EX02-page-D002.html", "HTML", 0, 0, 96, 0, 0, 0, 0, 79, 10, 185
"d:\A04-115-AI-Read\W02-Web-AI-instantly-changes-clones-2026\D01-Daily-question-11506-07\D003-1150623-Reading-experience-layout-design\D003A-1150623-book-image-layout-suggestions.html", "HTML", 0, 0, 408, 0, 0, 0, 0, 0, 51, 459
"d:\A04-115-AI-Read\W02-Web-AI-instantly-changes-clones-2026\D01-Daily-question-11506-07\D003-1150623-Reading-experience-layout-design\D003B-1150623-prompt-palette-demo.html", "HTML", 0, 0, 179, 0, 0, 0, 0, 0, 19, 198
"d:\A04-115-AI-Read\W02-Web-AI-instantly-changes-clones-2026\D01-Daily-question-11506-07\D004-1150702-OKR-Retirement-Learning-Life-Plan\D004-1150702-OKR-Retirement-Learning-Life-Plan-DeepSeek.html", "HTML", 0, 0, 682, 0, 0, 0, 0, 45, 76, 803
"d:\A04-115-AI-Read\W02-Web-AI-instantly-changes-clones-2026\D01-Daily-question-11506-07\D005-1150703-Study-Method-Adjustment\D005-1150703-Study-Method-Adjustment-DeepSeek.html", "HTML", 0, 0, 365, 0, 0, 0, 0, 35, 41, 441
"d:\A04-115-AI-Read\W02-Web-AI-instantly-changes-clones-2026\D01-Daily-question-11506-07\D006-1150705-Japanese-travel-map-websites\D006-1150705-Japanese-travel-map-websites-deepseek.html", "HTML", 0, 0, 404, 0, 0, 0, 0, 32, 37, 473
"d:\A04-115-AI-Read\W02-Web-AI-instantly-changes-clones-2026\D01-Daily-question-11506-07\D007-1150708-Use-AI-to-learn-English-and-Japanese-after-retirement\D007-1150708-Use-AI-to-learn-English-and-Japanese-after-retirement.html", "HTML", 0, 0, 646, 0, 0, 0, 0, 39, 66, 751
"d:\A04-115-AI-Read\W02-Web-AI-instantly-changes-clones-2026\D01-Daily-question-11506-07\D007-1150708-Use-AI-to-learn-English-and-Japanese-after-retirement\D007-A1-30day-schedule.html", "HTML", 0, 0, 494, 0, 0, 0, 0, 30, 42, 566
"d:\A04-115-AI-Read\W02-Web-AI-instantly-changes-clones-2026\D01-Daily-question-11506-07\D007-1150708-Use-AI-to-learn-English-and-Japanese-after-retirement\D007-A2-30day-schedule.html", "HTML", 0, 0, 563, 0, 0, 0, 0, 28, 38, 629
"d:\A04-115-AI-Read\W02-Web-AI-instantly-changes-clones-2026\D01-Daily-question-11506-07\D007-1150708-Use-AI-to-learn-English-and-Japanese-after-retirement\D007-B1-Japanese Zero Foundation.html", "HTML", 0, 0, 572, 0, 0, 0, 0, 28, 38, 638
"d:\A04-115-AI-Read\W02-Web-AI-instantly-changes-clones-2026\T01-travel-1150706\T01-Central-Hokkaido-1150706\T01-Central-Hokkaido-1150706-phone.html", "HTML", 0, 0, 494, 0, 0, 0, 0, 12, 33, 539
"d:\A04-115-AI-Read\W02-Web-AI-instantly-changes-clones-2026\T01-travel-1150706\T01-Central-Hokkaido-1150706\T01-Central-Hokkaido-1150706-v1.html", "HTML", 0, 0, 441, 0, 0, 0, 0, 14, 54, 509
"d:\A04-115-AI-Read\W02-Web-AI-instantly-changes-clones-2026\T01-travel-1150706\T01-Central-Hokkaido-1150706\T01-Central-Hokkaido-1150706-v2.html", "HTML", 0, 0, 466, 0, 0, 0, 0, 14, 57, 537
"d:\A04-115-AI-Read\W02-Web-AI-instantly-changes-clones-2026\T01-travel-1150706\T01-Central-Hokkaido-1150706\T01-Image-carousel-v2.html", "HTML", 0, 0, 487, 0, 0, 0, 0, 3, 84, 574
"d:\A04-115-AI-Read\W10-Website-Code-Statistic-1150710\W10-AI-Website-Code-Statistic-1150710.html", "HTML", 0, 0, 403, 0, 0, 0, 0, 45, 60, 508
"d:\A04-115-AI-Read\W10-Website-Code-Statistic-1150710\W10-Website-Code-Statistic-1150710.html", "HTML", 0, 0, 403, 0, 0, 0, 0, 45, 61, 509
"d:\A04-115-AI-Read\W10-Website-Code-Statistic-1150710\js\data-AI.js", "JavaScript", 0, 21, 0, 0, 0, 0, 0, 0, 2, 23
"d:\A04-115-AI-Read\W10-Website-Code-Statistic-1150710\js\data.js", "JavaScript", 0, 21, 0, 0, 0, 0, 0, 0, 2, 23
"d:\A04-115-AI-Read\ZZ-frame-backup\frame.html", "HTML", 0, 0, 473, 0, 0, 0, 0, 49, 15, 537
"d:\A04-115-AI-Read\ZZ-frame-backup\frame.js", "JavaScript", 0, 73, 0, 0, 0, 0, 0, 3, 5, 81
"d:\A04-115-AI-Read\ZZ-frame-backup\frame.md", "Markdown", 95, 0, 0, 0, 0, 0, 0, 0, 49, 144
"d:\A04-115-AI-Read\css\B01-Bootstrap.css", "PostCSS", 0, 0, 0, 0, 137, 0, 0, 35, 36, 208
"d:\A04-115-AI-Read\css\E01-1-board.css", "PostCSS", 0, 0, 0, 0, 263, 0, 0, 31, 60, 354
"d:\A04-115-AI-Read\css\E01-1-board.js", "JavaScript", 0, 5, 0, 0, 0, 0, 0, 1, 1, 7
"d:\A04-115-AI-Read\css\F01-1-note.css", "PostCSS", 0, 0, 0, 0, 183, 0, 0, 51, 57, 291
"d:\A04-115-AI-Read\css\F02-2-note.css", "PostCSS", 0, 0, 0, 0, 106, 0, 0, 0, 1, 107
"d:\A04-115-AI-Read\css\P01-1-pic.css", "PostCSS", 0, 0, 0, 0, 87, 0, 0, 6, 14, 107
"d:\A04-115-AI-Read\css\all.css", "PostCSS", 0, 0, 0, 0, 3112, 0, 0, 6, 1502, 4620
"d:\A04-115-AI-Read\css\css-icon\atm.svg", "XML", 0, 0, 0, 0, 0, 1, 0, 0, 0, 1
"d:\A04-115-AI-Read\css\index.css", "PostCSS", 0, 0, 0, 0, 293, 0, 0, 45, 83, 421
"d:\A04-115-AI-Read\ex-Comm\CX01-footer.html", "HTML", 0, 0, 193, 0, 0, 0, 0, 27, 33, 253
"d:\A04-115-AI-Read\ex-Comm\CX01-footer.js", "JavaScript", 0, 1506, 0, 0, 0, 0, 0, 447, 215, 2168
"d:\A04-115-AI-Read\ex-Comm\CX01-nav.html", "HTML", 0, 0, 70, 0, 0, 0, 0, 5, 21, 96
"d:\A04-115-AI-Read\ex-Comm\CX02-countdown.js", "JavaScript", 0, 42, 0, 0, 0, 0, 0, 15, 4, 61
"d:\A04-115-AI-Read\ex-Comm\js\A01-nav.js", "JavaScript", 0, 122, 0, 0, 0, 0, 0, 0, 5, 127
"d:\A04-115-AI-Read\frame.html", "HTML", 0, 0, 473, 0, 0, 0, 0, 49, 15, 537
"d:\A04-115-AI-Read\frame.js", "JavaScript", 0, 73, 0, 0, 0, 0, 0, 3, 5, 81
"d:\A04-115-AI-Read\frame.md", "Markdown", 334, 0, 0, 0, 0, 0, 0, 0, 82, 416
"d:\A04-115-AI-Read\index.html", "HTML", 0, 0, 405, 0, 0, 0, 0, 128, 82, 615
"d:\A04-115-AI-Read\js\A01-index.js", "JavaScript", 0, 28, 0, 0, 0, 0, 0, 12, 13, 53
"d:\A04-115-AI-Read\js\V03-vue3 copy.js", "JavaScript", 0, 13860, 0, 0, 0, 0, 0, 1949, 121, 15930
"d:\A04-115-AI-Read\js\V03-vue3.js", "JavaScript", 0, 13860, 0, 0, 0, 0, 0, 1949, 121, 15930
"d:\A04-115-AI-Read\js\index-js\B01-index-marquee.js", "JavaScript", 0, 717, 0, 0, 0, 0, 0, 185, 26, 928
"d:\A04-115-AI-Read\js\index-js\intro-video copy.js", "JavaScript", 0, 95, 0, 0, 0, 0, 0, 21, 13, 129
"d:\A04-115-AI-Read\js\index-js\intro-video.js", "JavaScript", 0, 72, 0, 0, 0, 0, 0, 15, 12, 99
"d:\A04-115-AI-Read\js\vue.esm-browser.js", "JavaScript", 0, 17698, 0, 0, 0, 0, 0, 390, 130, 18218
"Total", "-", 525, 96139, 94057, 6, 16874, 1, 384, 13082, 19498, 240566